construction;preposition;lemma;pos;meaning;Masini_freq;dataset_freq
Italia su Italia;su;Italia;sg;modifier;connection/transition;1;0
Schiantesimi su Schiantesimi;su;schiantesimi;pl;nominal;greater_plurality/accumulation;1;0
Svizzera su Svizzera;su;Svizzera;sg;modifier;connection/transition;2;0
aborti su aborti;su;aborto;pl;nominal;greater_plurality/accumulation;1;1
acciaio su acciaio;su;acciaio;sg/pl;nominal;greater_plurality/accumulation;1;1
accusa su accusa;su;accusa;sg;modifier;succession/iteration/distributivity;1;1
accuse su accuse ;su;accusa;pl;nominal;greater_plurality/accumulation;1;0
accuse su accuse;su;accusa;pl;nominal;greater_plurality/accumulation;0;1
acqua su acqua;su;acqua;sg;nominal;greater_plurality/accumulation;1;1
aerei su aerei;su;aereo;pl;nominal;greater_plurality/accumulation;1;1
aggettivo su aggettivo;su;aggettivo;sg;modifier;succession/iteration/distributivity;1;1
anima ad anima;a;anima;sg;modifier;juxtaposition/contact;1;1
anno su anno;su;anno;sg;modifier;connection/transition;17;16
appalti su appalti;su;appalto;pl;nominal;greater_plurality/accumulation;1;1
appunti su appunti;su;appunto;pl;nominal;greater_plurality/accumulation;1;1
aria su aria;su;aria;sg;nominal;greater_plurality/accumulation;1;1
articoli su articoli;su;articolo;pl;nominal;greater_plurality/accumulation;1;1
assalti su assalti;su;assalto;pl;nominal;greater_plurality/accumulation;2;2
atomo su atomo;su;atomo;sg;modifier;succession/iteration/distributivity;1;1
avventure su avventure;su;avventura;pl;nominal;greater_plurality/accumulation;1;1
avversari su avversari;su;avversario;pl;nominal;greater_plurality/accumulation;2;2
bagni su bagni;su;bagno;pl;nominal;greater_plurality/accumulation;1;1
balcone a balcone;a;balcone;sg;modifier;juxtaposition/contact;0;2
balle su balle;su;balla;pl;nominal;greater_plurality/accumulation;4;4
banca su banca;su;banca;sg;modifier;connection/transition;1;1
barzellette su barzellette;su;barzelletta;pl;nominal;greater_plurality/accumulation;1;1
battute su battute;su;battuta;pl;nominal;greater_plurality/accumulation;1;1
bellezza su bellezza;su;bellezza;sg;nominal;greater_plurality/accumulation;1;1
beni su beni;su;bene;pl;nominal;greater_plurality/accumulation;1;1
bersaglio su bersaglio;su;bersaglio;sg;nominal;greater_plurality/accumulation;1;1
bianco su bianco;su;bianco;sg;modifier;juxtaposition/contact;5;4
bianco su bianco;su;bianco;sg;modifier;not postulated;0;1
bianco su bianco;su;bianco;sg;nominal;greater_plurality/accumulation;1;1
bicchiere su bicchiere;su;bicchiere;sg;modifier;succession/iteration/distributivity;1;1
bisogni su bisogni;su;bisogno;pl;nominal;greater_plurality/accumulation;1;1
bit a bit;a;bit;sg;modifier;succession/iteration/distributivity;5;3
bocca a bocca;a;bocca;sg;modifier;juxtaposition/contact;68;61
bocca a bocca;a;bocca;sg;nominal;idiosyncratic;3;3
borotalco su borotalco;su;borotalco;sg;nominal;greater_plurality/accumulation;1;1
bottiglie su bottiglie;su;bottiglia;pl;nominal;greater_plurality/accumulation;1;1
bozzi su bozzi;su;bozzo;pl;nominal;greater_plurality/accumulation;1;1
braccio a braccio;a;braccio;sg;modifier;juxtaposition/contact;1;1
brandello su brandello;su;brandello;sg;modifier;succession/iteration/distributivity;1;1
brani su brani;su;brano;pl;nominal;greater_plurality/accumulation;1;1
brano a brano;a;brano;sg;modifier;succession/iteration/distributivity;5;4
bugie su bugie;su;bugia;pl;nominal;greater_plurality/accumulation;1;0
caffè su caffè;su;caffè;sg/pl;nominal;greater_plurality/accumulation;1;1
cambiali su cambiali;su;cambiale;pl;nominal;greater_plurality/accumulation;1;1
campi su campi;su;campo;pl;nominal;greater_plurality/accumulation;1;1
campo a campo;a;campo;sg;modifier;succession/iteration/distributivity;0;1
canzone su canzone;su;canzone;sg;modifier;succession/iteration/distributivity;1;1
capelli su capelli;su;capello;pl;modifier;juxtaposition/contact;1;1
capolavori su capolavori;su;capolavoro;pl;nominal;greater_plurality/accumulation;1;1
caraffe su caraffe;su;caraffa;pl;nominal;greater_plurality/accumulation;1;1
carte su carte;su;carta;pl;nominal;greater_plurality/accumulation;2;2
casa a casa;a;casa;sg;modifier;succession/iteration/distributivity;0;1
case su case;su;casa;pl;nominal;greater_plurality/accumulation;1;1
casi su casi;su;caso;pl;nominal;greater_plurality/accumulation;1;1
casse su casse;su;cassa;pl;nominal;greater_plurality/accumulation;2;2
cassette su cassette;su;cassetta;pl;nominal;greater_plurality/accumulation;1;1
cazzate su cazzate;su;cazzata;pl;nominal;greater_plurality/accumulation;1;1
cene su cene;su;cena;pl;nominal;greater_plurality/accumulation;1;1
centesimo su centesimo;su;centesimo;sg;modifier;succession/iteration/distributivity;1;1
centimetro su centimetro;su;centimetro;sg;modifier;succession/iteration/distributivity;1;1
cerchio su cerchio;su;cerchio;sg;modifier;succession/iteration/distributivity;1;1
certificati su certificati;su;certificato;pl;nominal;greater_plurality/accumulation;1;1
chiacchiere su chiacchiere;su;chiacchera;pl;nominal;greater_plurality/accumulation;1;0
chiacchiere su chiacchiere;su;chiacchiera;pl;nominal;greater_plurality/accumulation;0;1
chiamate su chiamate;su;chiamata;pl;nominal;greater_plurality/accumulation;1;1
chilometri su chilometri;su;chilometro;pl;nominal;greater_plurality/accumulation;4;4
chilometro su chilometro;su;chilometro;sg;modifier;succession/iteration/distributivity;1;1
cifre su cifre;su;cifra;pl;nominal;greater_plurality/accumulation;2;2
ciocca a ciocca;a;ciocca;sg;modifier;succession/iteration/distributivity;1;1
circonferenze su circonferenze;su;circonferenza;pl;nominal;greater_plurality/accumulation;1;1
citazioni su citazioni;su;citazione;pl;nominal;greater_plurality/accumulation;1;0
citazioni su citazioni;su;citazioni;pl;nominal;greater_plurality/accumulation;0;1
cm a cm;a;cm;sg;modifier;succession/iteration/distributivity;0;1
colloqui su colloqui;su;colloquio;pl;nominal;greater_plurality/accumulation;1;1
colore su colore;su;colore;sg;modifier;juxtaposition/contact;1;1
colpi su colpi;su;colpo;pl;nominal;greater_plurality/accumulation;1;1
colpo su colpo;su;colpo;sg;modifier;succession/iteration/distributivity;58;59
colpo su colpo;su;colpo;sg;nominal;greater_plurality/accumulation;7;7
comandi su comandi;su;comando;pl;nominal;greater_plurality/accumulation;1;1
comunicati su comunicati;su;comunicato;pl;nominal;greater_plurality/accumulation;1;1
comunicazioni su comunicazioni;su;comunicazione;pl;nominal;greater_plurality/accumulation;1;1
conti su conti;su;conto;pl;nominal;greater_plurality/accumulation;1;1
controlli su controlli;su;controllo;pl;nominal;greater_plurality/accumulation;2;2
copie su copie;su;copia;pl;nominal;greater_plurality/accumulation;2;2
coppa su coppa;su;coppa;sg;modifier;succession/iteration/distributivity;1;1
coppe su coppe;su;coppa;pl;nominal;greater_plurality/accumulation;1;1
core a core;a;core;sg;modifier;juxtaposition/contact;1;0
corna su corna;su;corna;pl;nominal;greater_plurality/accumulation;1;1
corpi su corpi;su;corpo;pl;nominal;greater_plurality/accumulation;1;1
corpo a corpo;a;corpo;sg;modifier;juxtaposition/contact;50;47
corpo a corpo;a;corpo;sg;nominal;idiosyncratic;152;146
corsi su corsi;su;corso;pl;nominal;greater_plurality/accumulation;1;1
coscia su coscia;su;coscia;sg;modifier;juxtaposition/contact;1;1
crediti su crediti;su;credito;pl;nominal;greater_plurality/accumulation;2;2
creme su creme;su;crema;pl;nominal;greater_plurality/accumulation;2;2
crosta su crosta;su;crosta;sg;modifier;succession/iteration/distributivity;1;1
cuoio su cuoio;su;cuoio;sg;modifier;juxtaposition/contact;1;0
cuore a cuore;a;cuore;sg;modifier;juxtaposition/contact;4;4
cure su cure;su;cura;pl;nominal;greater_plurality/accumulation;1;1
curve su curve;su;curva;pl;nominal;greater_plurality/accumulation;1;1
danni su danni;su;danno;pl;nominal;greater_plurality/accumulation;2;1
dati su dati;su;dato;pl;nominal;greater_plurality/accumulation;2;2
debiti su debiti;su;debito;pl;nominal;greater_plurality/accumulation;1;1
debito su debito;su;debito;sg;nominal;greater_plurality/accumulation;1;0
decine su decine;su;decina;pl;nominal;greater_plurality/accumulation;1;1
delegazioni su delegazioni;su;delegazione;pl;nominal;greater_plurality/accumulation;1;1
denunce su denunce;su;denuncia;pl;nominal;greater_plurality/accumulation;2;2
descrizioni su descrizioni;su;descrizione;pl;nominal;greater_plurality/accumulation;1;1
dettagli su dettagli;su;dettaglio;pl;nominal;greater_plurality/accumulation;1;1
dettaglio su dettaglio;su;dettaglio;sg;modifier;succession/iteration/distributivity;2;2
dicembre su dicembre;su;dicembre;sg;modifier;connection/transition;2;2
dichiarazione su dichiarazione;su;dichiarazione;sg;modifier;succession/iteration/distributivity;1;1
dichiarazioni su dichiarazioni;su;dichiarazione;pl;nominal;greater_plurality/accumulation;2;2
diete su diete;su;dieta;pl;nominal;greater_plurality/accumulation;1;1
digiuno su digiuno;su;digiuno;sg;nominal;greater_plurality/accumulation;1;1
discussioni su discussioni;su;discussione;pl;nominal;greater_plurality/accumulation;2;1
dito a dito;a;dito;sg;modifier;idiosyncratic;1;1
docce su docce;su;doccia;pl;nominal;greater_plurality/accumulation;1;1
dolore su dolore;su;dolore;sg;nominal;greater_plurality/accumulation;1;1
dolori su dolori;su;dolore;pl;nominal;greater_plurality/accumulation;2;2
domande su domande;su;domanda;pl;nominal;greater_plurality/accumulation;0;5
domande su domande;su;domande;pl;nominal;greater_plurality/accumulation;5;0
donna a donna;a;donna;sg;modifier;idiosyncratic;0;1
dorso a dorso;a;dorso;sg;modifier;juxtaposition/contact;2;2
dubbi su dubbi;su;dubbio;pl;nominal;greater_plurality/accumulation;2;2
email su email;su;email;sg/pl;nominal;greater_plurality/accumulation;2;2
emendamenti su emendamenti;su;emendamento;pl;nominal;greater_plurality/accumulation;1;1
episodi su episodi;su;episodio;pl;nominal;greater_plurality/accumulation;1;1
errori su errori;su;errore;pl;nominal;greater_plurality/accumulation;4;4
esami su esami;su;esame;pl;nominal;greater_plurality/accumulation;3;3
esempi su esempi;su;esempio;pl;nominal;greater_plurality/accumulation;1;1
esercizi su esercizi;su;esercizio;pl;nominal;greater_plurality/accumulation;1;1
estate su estate;su;estate;sg;modifier;connection/transition;1;1
estati su estati;su;estate;pl;nominal;greater_plurality/accumulation;1;1
estero su estero;su;estero;sg;modifier;connection/transition;11;23
euro su euro;su;euro;sg/pl;modifier;succession/iteration/distributivity;1;1
euro su euro;su;euro;sg/pl;nominal;greater_plurality/accumulation;1;1
fabbriche su fabbriche;su;fabbrica;pl;nominal;greater_plurality/accumulation;1;1
facce su facce;su;faccia;pl;nominal;greater_plurality/accumulation;1;1
faccia a faccia;a;faccia;sg;modifier;juxtaposition/contact;462;462
faccia a faccia;a;faccia;sg;nominal;idiosyncratic;455;409
falange su falange;su;falange;sg;modifier;succession/iteration/distributivity;1;1
fascicoli su fascicoli;su;fascicolo;pl;nominal;greater_plurality/accumulation;1;1
febbraio su febbraio;su;febbraio;sg;modifier;connection/transition;1;1
ferita su ferita;su;ferita;sg;modifier;succession/iteration/distributivity;1;0
feste su feste;su;festa;pl;nominal;greater_plurality/accumulation;1;1
fianco a fianco;a;fianco;sg;modifier;juxtaposition/contact;355;350
fianco a fianco;a;fianco;sg;nominal;idiosyncratic;1;1
fiato a fiato;a;fiato;sg;modifier;juxtaposition/contact;1;1
fibra a fibra;a;fibra;sg;modifier;succession/iteration/distributivity;2;2
file su file;su;file;pl;nominal;greater_plurality/accumulation;3;3
fili su fili;su;fili;pl;nominal;greater_plurality/accumulation;0;1
fili su fili;su;filo;pl;nominal;greater_plurality/accumulation;1;0
finanza su finanza;su;finanza;sg;modifier;connection/transition;1;1
fiocchi su fiocchi;su;fiocco;pl;nominal;greater_plurality/accumulation;1;0
fiocco a fiocco;a;fiocco;sg;modifier;succession/iteration/distributivity;1;2
fogli su fogli;su;foglio;pl;nominal;greater_plurality/accumulation;8;9
foglia a foglia;a;foglia;sg;modifier;succession/iteration/distributivity;2;1
forchettata su forchettata;su;forchettata;sg;modifier;succession/iteration/distributivity;1;1
formule su formule;su;formula;pl;nominal;greater_plurality/accumulation;1;1
foto su foto;su;foto;sg/pl;nominal;greater_plurality/accumulation;3;3
fotogramma a fotogramma;a;fotogramma;sg;modifier;succession/iteration/distributivity;0;1
frase su frase;su;frase;sg;modifier;succession/iteration/distributivity;2;2
fronte a fronte;a;fronte;sg;modifier;juxtaposition/contact;6;6
fronte a fronte;a;fronte;sg;nominal;idiosyncratic;2;2
furbizie su furbizie;su;furbizia;pl;nominal;greater_plurality/accumulation;1;0
gaffes su gaffes;su;gaffe;pl;nominal;greater_plurality/accumulation;1;0
gaffes su gaffes;su;gaffes;pl;nominal;greater_plurality/accumulation;0;1
generazione su generazione;su;generazione;sg;modifier;succession/iteration/distributivity;1;1
generazioni su generazioni;su;generazione;pl;nominal;greater_plurality/accumulation;3;3
gennaio su gennaio;su;gennaio;sg;modifier;connection/transition;1;1
giornali su giornali;su;giornale;pl;nominal;greater_plurality/accumulation;1;1
giorni su giorni;su;giorno;pl;nominal;greater_plurality/accumulation;2;2
giorno su giorno;su;giorno;sg;modifier;succession/iteration/distributivity;1;1
giri su giri;su;giro;pl;nominal;greater_plurality/accumulation;3;3
giro su giro;su;giro;sg;modifier;succession/iteration/distributivity;1;1
giunzioni su giunzioni;su;giunzione;pl;nominal;greater_plurality/accumulation;1;1
goccia a goccia;a;goccia;sg;modifier;succession/iteration/distributivity;40;47
gomito a gomito;a;gomito;sg;modifier;juxtaposition/contact;67;94
gomito a gomito;a;gomito;sg;nominal;idiosyncratic;2;1
gomito a gomito;a;gomito;sg;nominal;juxtaposition/contact;0;1
gradino a gradino;a;gradino;sg;modifier;succession/iteration/distributivity;1;1
grado a grado;a;grado;sg;modifier;succession/iteration/distributivity;6;6
granelli su granelli;su;granello;pl;nominal;greater_plurality/accumulation;1;1
granellino su granellino;su;granellino;sg;modifier;succession/iteration/distributivity;1;1
grazia su grazia;su;grazia;sg;nominal;greater_plurality/accumulation;3;0
grigio su grigio;su;grigio;sg;modifier;juxtaposition/contact;1;0
guancia a guancia;a;guancia;sg;modifier;juxtaposition/contact;20;20
guancia a guancia;a;guancia;sg;nominal;idiosyncratic;2;2
hinterland su hinterland;su;hinterland;sg;modifier;connection/transition;1;1
imprecazioni su imprecazioni;su;imprecazione;pl;nominal;greater_plurality/accumulation;1;1
incarichi su incarichi;su;incarico;pl;nominal;greater_plurality/accumulation;1;1
indizi su indizi;su;indizio;pl;nominal;greater_plurality/accumulation;1;1
informazioni su informazioni;su;informazione;pl;nominal;greater_plurality/accumulation;1;1
integrazioni su integrazioni;su;integrazione;pl;nominal;greater_plurality/accumulation;1;1
interessi su interessi;su;interesse;pl;nominal;greater_plurality/accumulation;1;1
interrogativi su interrogativi;su;interrogativo;pl;nominal;greater_plurality/accumulation;1;1
intervista su intervista;su;intervista;sg;modifier;succession/iteration/distributivity;1;1
interviste su interviste;su;intervista;pl;nominal;greater_plurality/accumulation;2;2
invenzioni su invenzioni;su;invenzione;pl;nominal;greater_plurality/accumulation;1;1
inverno su inverno;su;inverno;sg;modifier;connection/transition;1;1
ipotesi su ipotesi;su;ipotesi;pl;nominal;greater_plurality/accumulation;1;1
km su km;su;km;sg;nominal;greater_plurality/accumulation;1;1
lato a lato;a;lato;sg;modifier;idiosyncratic;1;1
layer su layer;su;layer;sg;modifier;succession/iteration/distributivity;1;1
leggi su leggi;su;legge;pl;nominal;greater_plurality/accumulation;1;1
leghe su leghe;su;lega;pl;nominal;greater_plurality/accumulation;1;1
legni su legni;su;legno;pl;nominal;greater_plurality/accumulation;1;1
legno su legno;su;legno;sg;modifier;juxtaposition/contact;1;1
lettere su lettere;su;lettera;pl;nominal;greater_plurality/accumulation;0;6
lettere su lettere;su;lettere;pl;nominal;greater_plurality/accumulation;6;0
letture su letture;su;lettura;pl;nominal;greater_plurality/accumulation;1;1
libri su libri;su;libro;pl;nominal;greater_plurality/accumulation;6;6
limoni su limoni;su;limone;pl;nominal;greater_plurality/accumulation;1;1
lira su lira;su;lira;sg;modifier;succession/iteration/distributivity;1;1
liste su liste;su;lista;pl;nominal;greater_plurality/accumulation;1;1
lunghezza su lunghezza;su;lunghezza;sg;nominal;greater_plurality/accumulation;1;1
maglie su maglie;su;maglia;pl;nominal;greater_plurality/accumulation;1;1
manciate su manciate;su;manciata;pl;nominal;greater_plurality/accumulation;1;1
mano a mano;a;mano;sg;modifier;idiosyncratic;223;218
massacri su massacri;su;massacro;pl;nominal;greater_plurality/accumulation;1;1
materia su materia;su;materia;sg;nominal;greater_plurality/accumulation;1;1
mattone su mattone;su;mattone;sg;modifier;succession/iteration/distributivity;11;10
melodie su melodie;su;melodia;pl;nominal;greater_plurality/accumulation;1;1
memoria su memoria;su;memoria;sg;modifier;succession/iteration/distributivity;1;1
meraviglie su meraviglie;su;meraviglia;pl;nominal;greater_plurality/accumulation;1;1
mese su mese;su;mese;sg;modifier;connection/transition;2;2
metallo su metallo;su;metallo;sg;modifier;juxtaposition/contact;1;1
metri su metri;su;metro;pl;nominal;greater_plurality/accumulation;1;1
metro su metro;su;metro;sg;nominal;greater_plurality/accumulation;1;1
miliardi su miliardi;su;milardi;pl;nominal;greater_plurality/accumulation;5;0
miliardi su miliardi;su;miliardo;pl;nominal;greater_plurality/accumulation;0;5
milioni su milioni;su;milione;pl;nominal;greater_plurality/accumulation;2;2
minchiate su minchiate;su;minchiata;pl;nominal;greater_plurality/accumulation;1;1
minuti su minuti;su;minuto;pl;nominal;greater_plurality/accumulation;1;1
miracolo su miracolo;su;miracolo;sg;modifier;succession/iteration/distributivity;1;1
misteri su misteri;su;mistero;pl;nominal;greater_plurality/accumulation;1;1
moduli su moduli;su;modulo;pl;nominal;greater_plurality/accumulation;1;1
mondo su mondo;su;mondo;sg;modifier;succession/iteration/distributivity;1;1
monologo su monologo;su;monologo;sg;modifier;succession/iteration/distributivity;1;1
morti su morti;su;morto;pl;nominal;greater_plurality/accumulation;2;2
mura su mura;su;muro;pl;nominal;greater_plurality/accumulation;1;1
muro a muro;a;muro;sg;modifier;juxtaposition/contact;2;2
muso a muso;a;muso;sg;modifier;juxtaposition/contact;1;1
mutamenti su mutamenti;su;mutamento;pl;nominal;greater_plurality/accumulation;1;1
naso a naso;a;naso;sg;modifier;juxtaposition/contact;1;1
nodi su nodi;su;nodo;pl;nominal;greater_plurality/accumulation;2;1
nomi su nomi;su;nome;pl;nominal;greater_plurality/accumulation;4;4
norma su norma;su;norma;sg;modifier;succession/iteration/distributivity;1;1
norme su norme;su;norma;pl;nominal;greater_plurality/accumulation;1;1
notti su notti;su;notte;pl;nominal;greater_plurality/accumulation;1;1
novità su novità;su;novità;sg/pl;clause;inescapable_presupposition;1;1
novità su novità;su;novità;sg/pl;nominal;greater_plurality/accumulation;1;1
numeri su numeri;su;numero;pl;nominal;greater_plurality/accumulation;1;1
numero su numero;su;numero;sg;modifier;succession/iteration/distributivity;1;1
obiezioni su obiezioni;su;obiezione;pl;nominal;greater_plurality/accumulation;1;1
obolo su obolo;su;obolo;sg;modifier;succession/iteration/distributivity;1;1
occasioni su occasioni;su;occasione;pl;nominal;greater_plurality/accumulation;1;1
odio su odio;su;odio;sg;nominal;greater_plurality/accumulation;3;2
offesa su offesa;su;offesa;sg;modifier;succession/iteration/distributivity;1;1
ombelico su ombelico;su;ombelico;sg;modifier;juxtaposition/contact;1;0
ombellico su ombellico;su;ombellico;sg;modifier;juxtaposition/contact;0;1
ombre su ombre;su;ombra;pl;nominal;greater_plurality/accumulation;0;1
ombre su ombre;su;ombre;pl;nominal;greater_plurality/accumulation;1;0
omicidi su omicidi;su;omicidio;pl;nominal;greater_plurality/accumulation;1;1
onda a onda;a;onda;sg;modifier;succession/iteration/distributivity;1;1
onda su onda;su;onda;sg;modifier;succession/iteration/distributivity;4;3
operazioni su operazioni;su;operazione;pl;nominal;greater_plurality/accumulation;1;1
opere su opere;su;opera;pl;nominal;greater_plurality/accumulation;1;1
opinioni su opinioni;su;opinione;pl;nominal;greater_plurality/accumulation;1;1
ore su ore;su;ora;pl;nominal;greater_plurality/accumulation;2;2
orrori su orrori;su;orrore;pl;nominal;greater_plurality/accumulation;1;1
ostacoli su ostacoli;su;ostacolo;pl;nominal;greater_plurality/accumulation;0;1
ostacoli su ostacoli;su;ostocolo;pl;nominal;greater_plurality/accumulation;1;0
pacchetti su pacchetti;su;pacchetto;pl;nominal;greater_plurality/accumulation;1;1
pacchi su pacchi;su;pacco;pl;nominal;greater_plurality/accumulation;4;4
pagina su pagina;su;pagina;sg;modifier;succession/iteration/distributivity;1;1
pagine su pagine;su;pagina;pl;nominal;greater_plurality/accumulation;0;5
pagine su pagine;su;pagine;pl;nominal;greater_plurality/accumulation;5;0
palla su palla;su;palla;sg;modifier;succession/iteration/distributivity;2;2
palloni su palloni;su;pallone;pl;nominal;greater_plurality/accumulation;2;3
palmo a palmo;a;palmo;sg;modifier;succession/iteration/distributivity;71;71
parlamentari su parlamentari;su;parlamentare;pl;nominal;greater_plurality/accumulation;1;1
parola su parola;su;parola;sg;modifier;succession/iteration/distributivity;3;3
parola su parola;su;parola;sg;nominal;greater_plurality/accumulation;2;2
parole su parole;su;parola;pl;nominal;greater_plurality/accumulation;0;6
parole su parole;su;parole;pl;nominal;greater_plurality/accumulation;6;0
passo a passo;a;passo;sg;modifier;idiosyncratic;31;30
pasta su pasta;su;pasta;sg;nominal;greater_plurality/accumulation;1;1
pasticci su pasticci;su;pasticcio;pl;nominal;greater_plurality/accumulation;2;2
pedalata su pedalata;su;pedalata;sg;modifier;succession/iteration/distributivity;1;1
pelle a pelle;a;pelle;sg;modifier;juxtaposition/contact;1;1
pelle su pelle;su;pelle;sg;modifier;juxtaposition/contact;5;4
permessi su permessi;su;permesso;pl;nominal;greater_plurality/accumulation;2;2
petto a petto;a;petto;sg;modifier;juxtaposition/contact;1;1
pezzettino su pezzettino;su;pezzettino;sg;modifier;succession/iteration/distributivity;1;1
pezzetto su pezzetto;su;pezzetto;sg;modifier;succession/iteration/distributivity;1;1
pezzo a pezzo;a;pezzo;sg;modifier;succession/iteration/distributivity;19;18
pezzo su pezzo;su;pezzo;sg;modifier;succession/iteration/distributivity;2;2
piani su piani;su;piano;pl;nominal;greater_plurality/accumulation;2;2
piano a piano;a;piano;sg;modifier;succession/iteration/distributivity;0;1
piano su piano;su;piano;sg;modifier;succession/iteration/distributivity;1;1
piede su piede;su;piede;sg;modifier;juxtaposition/contact;2;2
pietra su pietra;su;pietra;sg;modifier;succession/iteration/distributivity;10;8
pietra su pietra;su;pietra;sg;nominal;greater_plurality/accumulation;1;2
pietra su pietra;su;pietra;sg;nominal;idiosyncratic;6;7
pile su pile;su;pila;pl;nominal;greater_plurality/accumulation;1;0
pile su pile;su;pile;pl;nominal;greater_plurality/accumulation;0;1
piste su piste;su;pista;pl;nominal;greater_plurality/accumulation;1;1
pixel a pixel;a;pixel;sg;modifier;succession/iteration/distributivity;2;2
plichi su plichi;su;plico;pl;nominal;greater_plurality/accumulation;1;1
poco a poco;a;poco;sg;nominal;idiosyncratic;344;0
polemiche su polemiche;su;polemica;pl;nominal;greater_plurality/accumulation;2;1
poro a poro;a;poro;sg;modifier;succession/iteration/distributivity;0;1
porta a porta;a;porta;sg;modifier;succession/iteration/distributivity;170;154
porta a porta;a;porta;sg;nominal;idiosyncratic;45;42
porte su porte;su;porta;pl;nominal;greater_plurality/accumulation;1;1
posizioni su posizioni;su;posizione;pl;nominal;greater_plurality/accumulation;2;2
premi su premi;su;premio;pl;nominal;greater_plurality/accumulation;2;2
procure su procure;su;procura;pl;nominal;greater_plurality/accumulation;1;1
progetti su progetti;su;progetto;pl;nominal;greater_plurality/accumulation;3;3
programmi su programmi;su;programma;pl;nominal;greater_plurality/accumulation;1;1
proposte su proposte;su;proposta;pl;nominal;greater_plurality/accumulation;1;1
prova su prova;su;prova;sg;modifier;succession/iteration/distributivity;1;1
prove su prove;su;prova;pl;nominal;greater_plurality/accumulation;0;13
prove su prove;su;prove;pl;nominal;greater_plurality/accumulation;13;0
provini su provini;su;provino;pl;nominal;greater_plurality/accumulation;1;1
punti su punti;su;punto;pl;nominal;greater_plurality/accumulation;3;3
punto a punto;a;punto;sg;modifier;idiosyncratic;15;15
punto a punto;a;punto;sg;modifier;succession/iteration/distributivity;7;7
punto su punto;su;punto;sg;modifier;succession/iteration/distributivity;13;15
ragioni su ragioni;su;ragione;pl;nominal;greater_plurality/accumulation;0;1
ragioni su ragioni;su;ragioni;pl;nominal;greater_plurality/accumulation;1;0
record su record;su;record;sg/pl;nominal;greater_plurality/accumulation;9;9
ricorsi su ricorsi;su;ricorsi;pl;nominal;greater_plurality/accumulation;0;1
ricorsi su ricorsi;su;ricorso;pl;nominal;greater_plurality/accumulation;1;1
righe su righe;su;riga;pl;nominal;greater_plurality/accumulation;2;2
rinvii su rinvii;su;rinvio;pl;nominal;greater_plurality/accumulation;2;2
risme su risme;su;risma;pl;nominal;greater_plurality/accumulation;1;1
ritardi su ritardi;su;ritardo;pl;nominal;greater_plurality/accumulation;4;4
ritmi su ritmi;su;ritmo;pl;nominal;greater_plurality/accumulation;1;1
riunioni su riunioni;su;riunione;pl;nominal;greater_plurality/accumulation;8;8
rivolte su rivolte;su;rivolta ;pl;nominal;greater_plurality/accumulation;1;0
rivolte su rivolte;su;rivolta;pl;nominal;greater_plurality/accumulation;0;1
rospi su rospi;su;rospo;pl;nominal;greater_plurality/accumulation;1;1
rovescio su rovescio;su;rovescio;sg;modifier;succession/iteration/distributivity;1;1
rovine su rovine;su;rovina;pl;nominal;greater_plurality/accumulation;2;1
ruggine su ruggine;su;ruggine;sg;modifier;juxtaposition/contact;1;1
ruota a ruota;a;ruota;sg;modifier;juxtaposition/contact;1;1
ruota a ruota;a;ruota;sg;nominal;juxtaposition/contact;1;1
sangue su sangue;su;sangue;sg;modifier;succession/iteration/distributivity;2;1
saponi su saponi;su;sapone;pl;nominal;greater_plurality/accumulation;1;1
sassolino su sassolino;su;sassolino;sg;modifier;succession/iteration/distributivity;1;1
sbagli su sbagli;su;sbaglio;pl;nominal;greater_plurality/accumulation;1;1
sbandate su sbandate;su;sbandata;pl;nominal;greater_plurality/accumulation;1;1
scaglia a scaglia;a;scaglia;sg;modifier;succession/iteration/distributivity;2;0
scaglia a scaglia;a;scaglia;sg;nominal;succession/iteration/distributivity;0;2
scatole su scatole;su;scatola;pl;nominal;greater_plurality/accumulation;1;1
scheda su scheda;su;scheda;sg;modifier;succession/iteration/distributivity;1;1
schermo a schermo;a;schermo;sg;modifier;juxtaposition/contact;1;1
scherzi su scherzi;su;scherzo;pl;nominal;greater_plurality/accumulation;1;1
schiaffoni su schiaffoni;su;schiaffone;pl;nominal;greater_plurality/accumulation;1;1
schiena a schiena;a;schiena;sg;modifier;juxtaposition/contact;1;1
schiere su schiere;su;schiera;pl;nominal;greater_plurality/accumulation;1;1
scommesse su scommesse;su;scommessa;pl;nominal;greater_plurality/accumulation;1;2
secondi su secondi;su;secondo;pl;nominal;greater_plurality/accumulation;2;2
segherie su segherie;su;segheria;pl;nominal;greater_plurality/accumulation;1;1
sentenze su sentenze;su;sentenza;pl;nominal;greater_plurality/accumulation;1;1
serate su serate;su;serata;pl;nominal;greater_plurality/accumulation;1;1
settimana a settimana;a;settimana;sg;modifier;succession/iteration/distributivity;2;2
settimane su settimane;su;settimana;pl;nominal;greater_plurality/accumulation;1;1
sfida a sfida;a;sfida;sg;modifier;succession/iteration/distributivity;1;0
sillaba su sillaba;su;sillaba;sg;modifier;succession/iteration/distributivity;1;1
simmetria su simmetria;su;simmetria;sg;modifier;succession/iteration/distributivity;1;1
sistemi su sistemi;su;sistema;pl;nominal;greater_plurality/accumulation;1;1
soldi su soldi;su;soldi;pl;nominal;greater_plurality/accumulation;5;5
soldino su soldino;su;soldino;sg;modifier;succession/iteration/distributivity;1;1
sorso a sorso;a;sorso;sg;modifier;juxtaposition/contact;0;1
sorso a sorso;a;sorso;sg;modifier;succession/iteration/distributivity;1;0
spalla a spalla;a;spalla;sg;modifier;juxtaposition/contact;51;51
spalle a spalle;a;spalla;pl;modifier;juxtaposition/contact;2;0
spalle a spalle;a;spalle;sg;modifier;juxtaposition/contact;0;2
spesa su spesa;su;spesa;sg;modifier;succession/iteration/distributivity;1;0
spiegazioni su spiegazioni;su;spiegazione;pl;nominal;greater_plurality/accumulation;1;1
spinta su spinta;su;spinta;sg;modifier;succession/iteration/distributivity;1;1
staggio su staggio;su;staggio;sg;modifier;succession/iteration/distributivity;1;1
stagione su stagione;su;stagione;sg;modifier;succession/iteration/distributivity;2;2
stagioni su stagioni;su;stagione;pl;nominal;greater_plurality/accumulation;1;1
stanze su stanze;su;stanza;pl;nominal;greater_plurality/accumulation;1;1
storie su storie;su;storia;pl;nominal;greater_plurality/accumulation;0;1
storie su storie;su;storia;sg;nominal;greater_plurality/accumulation;1;0
storielle su storielle;su;storiella;pl;nominal;greater_plurality/accumulation;1;1
strade su strade;su;strada;pl;nominal;greater_plurality/accumulation;0;1
strade su strade;su;strade;pl;nominal;greater_plurality/accumulation;1;0
stragi su stragi;su;strage;pl;nominal;greater_plurality/accumulation;1;1
strati su strati;su;strato;pl;nominal;greater_plurality/accumulation;3;3
strato su strato;su;strato;sg;modifier;succession/iteration/distributivity;7;7
strato su strato;su;strato;sg;nominal;idiosyncratic;1;1
stronzate su stronzate;su;stronzata;pl;nominal;greater_plurality/accumulation;1;1
successi su successi;su;successo;pl;nominal;greater_plurality/accumulation;1;1
superficie su superficie;su;superficie;sg;modifier;succession/iteration/distributivity;1;1
tappa su tappa;su;tappa;sg;modifier;succession/iteration/distributivity;0;1
tappa su tappa;su;tappa;sg;nominal;greater_plurality/accumulation;1;0
tasse su tasse;su;tassa;pl;nominal;greater_plurality/accumulation;1;1
teglie su teglie;su;teglia;pl;nominal;greater_plurality/accumulation;1;1
telefonate su telefonate;su;telefonata;pl;nominal;greater_plurality/accumulation;1;1
telegrammi su telegrammi;su;telegramma;pl;nominal;greater_plurality/accumulation;2;2
tempia a tempia;a;tempia;sg;modifier;juxtaposition/contact;1;1
tensione su tensione;su;tensione;sg;modifier;succession/iteration/distributivity;1;1
termine a termine;a;termine;sg;modifier;idiosyncratic;4;4
terre su terre;su;terra;pl;nominal;greater_plurality/accumulation;1;1
terreni su terreni;su;terreno;pl;nominal;greater_plurality/accumulation;1;1
terreno su terreno;su;terreno;sg;nominal;greater_plurality/accumulation;1;1
tessuto su tessuto;su;tessuto;sg;modifier;juxtaposition/contact;1;1
testa a testa;a;testa;sg;modifier;idiosyncratic;29;29
testa a testa;a;testa;sg;modifier;juxtaposition/contact;4;4
testa a testa;a;testa;sg;nominal;idiosyncratic;156;155
testa su testa;su;testa;sg;modifier;succession/iteration/distributivity;1;1
testimonianze su testimonianze;su;testimonianza;pl;nominal;greater_plurality/accumulation;1;1
titoli su titoli;su;titolo;pl;nominal;greater_plurality/accumulation;2;2
toni su toni;su;tono;pl;nominal;greater_plurality/accumulation;1;1
tono su tono;su;tono;sg;modifier;idiosyncratic;26;21
tono su tono;su;tono;sg;modifier;juxtaposition/contact;1;0
tono su tono;su;tono;sg;nominal;idiosyncratic;0;1
tornante su tornante;su;tornante;sg;modifier;succession/iteration/distributivity;1;1
tornanti su tornanti;su;tornante;pl;nominal;greater_plurality/accumulation;1;1
tragedia su tragedia;su;tragedia;sg;modifier;succession/iteration/distributivity;1;1
tronco su tronco;su;tronco;sg;modifier;succession/iteration/distributivity;1;1
turno a turno;a;turno;sg;modifier;unclear;1;0
udienze su udienze;su;udienza;pl;nominal;greater_plurality/accumulation;1;1
uscio a uscio;a;uscio;sg;modifier;juxtaposition/contact;2;2
utilitarie su utilitarie;su;utilitaria;pl;nominal;greater_plurality/accumulation;1;1
vasche su vasche;su;vasca;pl;nominal;greater_plurality/accumulation;2;2
veleni su veleni;su;veleno;pl;nominal;greater_plurality/accumulation;1;1
velo su velo;su;velo;sg;modifier;succession/iteration/distributivity;1;1
ventricolo su ventricolo;su;ventricolo;sg;modifier;succession/iteration/distributivity;1;1
verbali su verbali;su;verbale;pl;nominal;greater_plurality/accumulation;4;4
versioni su versioni;su;versione;pl;nominal;greater_plurality/accumulation;1;1
viaggi su viaggi;su;viaggio;pl;nominal;greater_plurality/accumulation;1;1
viaggio su viaggio;su;viaggio;sg;modifier;succession/iteration/distributivity;1;1
vigneti su vigneti;su;vigneto;pl;nominal;greater_plurality/accumulation;1;1
violenza su violenza;su;violenza;sg;modifier;succession/iteration/distributivity;1;1
visite su visite;su;visita;pl;nominal;greater_plurality/accumulation;1;1
viso a viso;a;viso;sg;modifier;juxtaposition/contact;0;2
vita su vita;su;vita;sg;modifier;juxtaposition/contact;1;1
vittime su vittime;su;vittima;pl;nominal;greater_plurality/accumulation;1;1
vittoria su vittoria;su;vittoria;sg;nominal;greater_plurality/accumulation;1;1
volta a volta;a;volta;sg;modifier;succession/iteration/distributivity;59;70
volumi su volumi;su;volume;pl;nominal;greater_plurality/accumulation;1;1
voti su voti;su;voto;pl;nominal;greater_plurality/accumulation;1;1
voto su voto;su;voto;sg;modifier;succession/iteration/distributivity;3;3
vuoto su vuoto;su;vuoto;sg;nominal;greater_plurality/accumulation;2;2
zero su zero;su;zero;sg;nominal;intensification;1;1
zolla a zolla;a;zolla;sg;modifier;succession/iteration/distributivity;1;1
